,name,v1,v2,v3,v4
0,britt,0.07560760110750298,0.5667111518198095,0.0893934750872728,0.9841420396641162
1,britt,0.8448986922170753,0.9228602418126799,0.07617686939071111,0.3271151524490935
2,britt,0.8177177138413794,0.11622117623557093,0.43212255666167565,0.651263807923406
3,britt,0.9627241535335106,0.40669984288693295,0.8292205331878162,0.6736016789259117
4,britt,0.4615948686872172,0.952528017628868,0.6826822831878004,0.2701670131010955
