,name,v1,v2,v3,v4
0,britt,0.374901535544524,0.22177448916918663,0.2199560075374658,0.5291817445164912
1,britt,0.13197437401091172,0.5912149916076131,0.3386268178966515,0.30152144112760193
2,britt,0.1313683540179792,0.32981719652713093,0.7282258110077827,0.5713128429850185
3,britt,0.7283591103222246,0.8652867890613088,0.3321918879277497,0.967833012931453
4,britt,0.9052781257459429,0.28402248289167265,0.1937198769432228,0.0668168681880269
