,name,v1,v2,v3,v4
0,britt,0.6819421060441484,0.10796498192252624,0.6906663406421726,0.27646679617801473
1,britt,0.2648068344382527,0.03312161887013598,0.896586911849035,0.9745293231408166
2,britt,0.6001820004332743,0.7959856652147761,0.452091442744055,0.6171812024431174
3,britt,0.691265343026131,0.4813931530030586,0.5870496840321607,0.011459336666421627
4,britt,0.4393587597830697,0.5474368089974074,0.1751348402337044,0.8642158050137078
